warehouse,product,stock
W1,water,5000
W1,milk,800
W1,soda,900
W1,cheese,300
W1,bread,1200
W2,water,1500
W2,milk,3500
W2,soda,500
W2,cheese,1800
W2,bread,800
W3,water,2000
W3,milk,600
W3,soda,4000
W3,cheese,200
W3,bread,700
W4,water,1000
W4,milk,1500
W4,soda,600
W4,cheese,2500
W4,bread,400
W5,water,1200
W5,milk,800
W5,soda,700
W5,cheese,400
W5,bread,3000
